{"cameraMode":{"drawMode":0,"name":"Shaded","section":"Shading Mode"},"sceneLighting":true,"audioPlay":false,"sceneViewState":{"m_AlwaysRefresh":false,"showFog":true,"showSkybox":true,"showFlares":true,"showImageEffects":true,"showParticleSystems":true,"showVisualEffectGraphs":true,"m_FxEnabled":true},"in2DMode":false,"pivot":{"x":-1.1614431142807007,"y":3.695195198059082,"z":-22.241525650024415},"rotation":{"x":0.0022184671834111215,"y":0.9977271556854248,"z":0.0506233349442482,"w":-0.045501887798309329},"size":13.471389770507813,"orthographic":false}