{"cameraMode":{"drawMode":0,"name":"Shaded","section":"Shading Mode"},"sceneLighting":true,"audioPlay":false,"sceneViewState":{"m_AlwaysRefresh":false,"showFog":true,"showSkybox":false,"showFlares":false,"showImageEffects":false,"showParticleSystems":true,"showVisualEffectGraphs":true,"m_FxEnabled":true},"in2DMode":false,"pivot":{"x":-81.4112548828125,"y":-0.07002776861190796,"z":132.19358825683595},"rotation":{"x":0.12860654294490815,"y":0.02497011609375477,"z":-0.003281860612332821,"w":0.991421639919281},"size":0.38603678345680239,"orthographic":false}