{"cameraMode":{"drawMode":0,"name":"Shaded","section":"Shading Mode"},"sceneLighting":true,"audioPlay":false,"sceneViewState":{"m_AlwaysRefresh":false,"showFog":true,"showSkybox":true,"showFlares":false,"showImageEffects":false,"showParticleSystems":true,"showVisualEffectGraphs":true,"m_FxEnabled":true},"in2DMode":false,"pivot":{"x":-68.76805114746094,"y":92.15679168701172,"z":66.54247283935547},"rotation":{"x":0.007276751566678286,"y":-0.9918120503425598,"z":0.10904332250356674,"w":0.06672216951847077},"size":1.7417103052139283,"orthographic":false}