{"cameraMode":{"drawMode":0,"name":"Shaded","section":"Shading Mode"},"sceneLighting":false,"audioPlay":false,"sceneViewState":{"m_AlwaysRefresh":false,"showFog":true,"showSkybox":false,"showFlares":false,"showImageEffects":false,"showParticleSystems":true,"showVisualEffectGraphs":true,"m_FxEnabled":true},"in2DMode":false,"pivot":{"x":941.1187133789063,"y":545.2064819335938,"z":117.79695892333985},"rotation":{"x":-0.052470672875642779,"y":0.014386330731213093,"z":-0.0007562627433799207,"w":-0.9985160827636719},"size":633.2880249023438,"orthographic":false}