{"cameraMode":{"drawMode":0,"name":"Shaded","section":"Shading Mode"},"sceneLighting":false,"audioPlay":false,"sceneViewState":{"m_AlwaysRefresh":false,"showFog":true,"showSkybox":false,"showFlares":false,"showImageEffects":false,"showParticleSystems":true,"showVisualEffectGraphs":true,"m_FxEnabled":true},"in2DMode":false,"pivot":{"x":-122.60965728759766,"y":-7.639434814453125,"z":107.46296691894531},"rotation":{"x":0.029587147757411004,"y":-0.9366750717163086,"z":0.08489540964365006,"w":0.3390679657459259},"size":53.355587005615237,"orthographic":false}