{"cameraMode":{"drawMode":0,"name":"Shaded","section":"Shading Mode"},"sceneLighting":true,"audioPlay":false,"sceneViewState":{"m_AlwaysRefresh":false,"showFog":true,"showSkybox":true,"showFlares":false,"showImageEffects":false,"showParticleSystems":true,"showVisualEffectGraphs":true,"m_FxEnabled":true},"in2DMode":false,"pivot":{"x":498.4997253417969,"y":374.2276611328125,"z":-2.723419189453125},"rotation":{"x":0.010499181225895882,"y":0.005999329965561628,"z":-0.00006281850801315159,"w":0.9999290108680725},"size":176.68113708496095,"orthographic":false}