{"cameraMode":{"drawMode":0,"name":"Shaded","section":"Shading Mode"},"sceneLighting":true,"audioPlay":false,"sceneViewState":{"m_AlwaysRefresh":false,"showFog":true,"showSkybox":true,"showFlares":false,"showImageEffects":false,"showParticleSystems":true,"showVisualEffectGraphs":true,"m_FxEnabled":true},"in2DMode":false,"pivot":{"x":582.8386840820313,"y":303.3731689453125,"z":859.84716796875},"rotation":{"x":0.03599180653691292,"y":0.0014987154863774777,"z":-0.00005378328569349833,"w":0.9993529319763184},"size":692.7440185546875,"orthographic":false}