{"cameraMode":{"drawMode":0,"name":"Shaded","section":"Shading Mode"},"sceneLighting":true,"audioPlay":false,"sceneViewState":{"m_AlwaysRefresh":false,"showFog":true,"showSkybox":false,"showFlares":false,"showImageEffects":false,"showParticleSystems":true,"showVisualEffectGraphs":true,"m_FxEnabled":true},"in2DMode":false,"pivot":{"x":-97.99752807617188,"y":17.15364646911621,"z":198.83413696289063},"rotation":{"x":-0.06853314489126206,"y":-0.10871070623397827,"z":-0.0075457836501300339,"w":0.9917187690734863},"size":58.959529876708987,"orthographic":false}