{"cameraMode":{"drawMode":0,"name":"Shaded","section":"Shading Mode"},"sceneLighting":false,"audioPlay":false,"sceneViewState":{"m_AlwaysRefresh":false,"showFog":true,"showSkybox":false,"showFlares":false,"showImageEffects":false,"showParticleSystems":true,"showVisualEffectGraphs":true,"m_FxEnabled":true},"in2DMode":false,"pivot":{"x":915.4329833984375,"y":522.5856323242188,"z":114.67538452148438},"rotation":{"x":-0.052470672875642779,"y":0.014386330731213093,"z":-0.0007562627433799207,"w":-0.9985160827636719},"size":598.6913452148438,"orthographic":false}