{"cameraMode":{"drawMode":0,"name":"Shaded","section":"Shading Mode"},"sceneLighting":true,"audioPlay":false,"sceneViewState":{"m_AlwaysRefresh":false,"showFog":true,"showSkybox":true,"showFlares":false,"showImageEffects":false,"showParticleSystems":true,"showVisualEffectGraphs":true,"m_FxEnabled":true},"in2DMode":false,"pivot":{"x":-149.13189697265626,"y":128.87510681152345,"z":-87.21128845214844},"rotation":{"x":0.21201728284358979,"y":0.21708643436431886,"z":-0.04778303951025009,"w":0.9520393013954163},"size":84.37171173095703,"orthographic":false}