{"cameraMode":{"drawMode":0,"name":"Shaded","section":"Shading Mode"},"sceneLighting":true,"audioPlay":false,"sceneViewState":{"m_AlwaysRefresh":false,"showFog":true,"showSkybox":true,"showFlares":true,"showImageEffects":true,"showParticleSystems":true,"showVisualEffectGraphs":true,"m_FxEnabled":true},"in2DMode":false,"pivot":{"x":-67.88636016845703,"y":188.88534545898438,"z":-116.22244262695313},"rotation":{"x":0.13904596865177155,"y":-0.005941800307482481,"z":0.0008336621685884893,"w":0.990271270275116},"size":14.458518981933594,"orthographic":false}