{"cameraMode":{"drawMode":0,"name":"Shaded","section":"Shading Mode"},"sceneLighting":true,"audioPlay":false,"sceneViewState":{"m_AlwaysRefresh":false,"showFog":true,"showSkybox":true,"showFlares":true,"showImageEffects":true,"showParticleSystems":true,"showVisualEffectGraphs":true,"m_FxEnabled":true},"in2DMode":false,"pivot":{"x":-79.72877502441406,"y":83.54340362548828,"z":151.71951293945313},"rotation":{"x":-0.0002423603436909616,"y":0.9997847676277161,"z":-0.013808473013341427,"w":-0.017697898671030999},"size":1.5211730003356934,"orthographic":false}