{"cameraMode":{"drawMode":0,"name":"Shaded","section":"Shading Mode"},"sceneLighting":true,"audioPlay":false,"sceneViewState":{"m_AlwaysRefresh":false,"showFog":true,"showSkybox":true,"showFlares":true,"showImageEffects":true,"showParticleSystems":true,"showVisualEffectGraphs":true,"m_FxEnabled":true},"in2DMode":false,"pivot":{"x":972.3922729492188,"y":466.71417236328127,"z":775.7894897460938},"rotation":{"x":0.03299218416213989,"y":-0.010494120419025422,"z":0.0003464369219727814,"w":0.9994022250175476},"size":855.6779174804688,"orthographic":false}