{"cameraMode":{"drawMode":0,"name":"Shaded","section":"Shading Mode"},"sceneLighting":true,"audioPlay":false,"sceneViewState":{"m_AlwaysRefresh":false,"showFog":true,"showSkybox":true,"showFlares":true,"showImageEffects":true,"showParticleSystems":true,"showVisualEffectGraphs":true,"m_FxEnabled":true},"in2DMode":false,"pivot":{"x":-85.09568786621094,"y":75.25223541259766,"z":190.25975036621095},"rotation":{"x":0.27984756231307986,"y":0.14048491418361665,"z":-0.04144646227359772,"w":0.948826014995575},"size":11.365490913391114,"orthographic":false}